{
  "timestamp": "2025-12-26T18:01:57.899470",
  "total_agents": 13,
  "results": {
    "gen12_elite_500": {
      "p1_wins": 40,
      "p1_losses": 160,
      "p1_draws": 40,
      "p1_wr": 16.666666666666664,
      "p2_wins": 40,
      "p2_losses": 60,
      "p2_draws": 140,
      "p2_wr": 16.666666666666664,
      "total_games": 480,
      "overall_wr": 16.666666666666664,
      "p1_p2_balance": 0.0
    },
    "gen11_decisive_500": {
      "p1_wins": 100,
      "p1_losses": 80,
      "p1_draws": 60,
      "p1_wr": 41.66666666666667,
      "p2_wins": 140,
      "p2_losses": 20,
      "p2_draws": 80,
      "p2_wr": 58.333333333333336,
      "total_games": 480,
      "overall_wr": 50.0,
      "p1_p2_balance": 16.666666666666664
    },
    "gen8_titan_LEGACY": {
      "p1_wins": 80,
      "p1_losses": 60,
      "p1_draws": 100,
      "p1_wr": 33.33333333333333,
      "p2_wins": 20,
      "p2_losses": 160,
      "p2_draws": 60,
      "p2_wr": 8.333333333333332,
      "total_games": 480,
      "overall_wr": 20.833333333333336,
      "p1_p2_balance": 24.999999999999996
    },
    "gen12_elite_3000": {
      "p1_wins": 60,
      "p1_losses": 60,
      "p1_draws": 120,
      "p1_wr": 25.0,
      "p2_wins": 60,
      "p2_losses": 80,
      "p2_draws": 100,
      "p2_wr": 25.0,
      "total_games": 480,
      "overall_wr": 25.0,
      "p1_p2_balance": 0.0
    },
    "gen12_elite_2000": {
      "p1_wins": 100,
      "p1_losses": 60,
      "p1_draws": 80,
      "p1_wr": 41.66666666666667,
      "p2_wins": 20,
      "p2_losses": 100,
      "p2_draws": 120,
      "p2_wr": 8.333333333333332,
      "total_games": 480,
      "overall_wr": 25.0,
      "p1_p2_balance": 33.33333333333334
    },
    "gen7_specialist": {
      "p1_wins": 160,
      "p1_losses": 0,
      "p1_draws": 80,
      "p1_wr": 66.66666666666666,
      "p2_wins": 160,
      "p2_losses": 40,
      "p2_draws": 40,
      "p2_wr": 66.66666666666666,
      "total_games": 480,
      "overall_wr": 66.66666666666666,
      "p1_p2_balance": 0.0
    },
    "gen9_titan_62vT": {
      "p1_wins": 80,
      "p1_losses": 20,
      "p1_draws": 140,
      "p1_wr": 33.33333333333333,
      "p2_wins": 140,
      "p2_losses": 20,
      "p2_draws": 80,
      "p2_wr": 58.333333333333336,
      "total_games": 480,
      "overall_wr": 45.83333333333333,
      "p1_p2_balance": 25.000000000000007
    },
    "gen9_champion_58vT": {
      "p1_wins": 60,
      "p1_losses": 80,
      "p1_draws": 100,
      "p1_wr": 25.0,
      "p2_wins": 160,
      "p2_losses": 0,
      "p2_draws": 80,
      "p2_wr": 66.66666666666666,
      "total_games": 480,
      "overall_wr": 45.83333333333333,
      "p1_p2_balance": 41.66666666666666
    },
    "gen12_elite_2500": {
      "p1_wins": 80,
      "p1_losses": 60,
      "p1_draws": 100,
      "p1_wr": 33.33333333333333,
      "p2_wins": 60,
      "p2_losses": 80,
      "p2_draws": 100,
      "p2_wr": 25.0,
      "total_games": 480,
      "overall_wr": 29.166666666666668,
      "p1_p2_balance": 8.333333333333329
    },
    "gen12_elite_1500": {
      "p1_wins": 20,
      "p1_losses": 140,
      "p1_draws": 80,
      "p1_wr": 8.333333333333332,
      "p2_wins": 80,
      "p2_losses": 120,
      "p2_draws": 40,
      "p2_wr": 33.33333333333333,
      "total_games": 480,
      "overall_wr": 20.833333333333336,
      "p1_p2_balance": 24.999999999999996
    },
    "gen12_elite_3500": {
      "p1_wins": 80,
      "p1_losses": 80,
      "p1_draws": 80,
      "p1_wr": 33.33333333333333,
      "p2_wins": 80,
      "p2_losses": 40,
      "p2_draws": 120,
      "p2_wr": 33.33333333333333,
      "total_games": 480,
      "overall_wr": 33.33333333333333,
      "p1_p2_balance": 0.0
    },
    "gen12_elite_1000": {
      "p1_wins": 60,
      "p1_losses": 140,
      "p1_draws": 40,
      "p1_wr": 25.0,
      "p2_wins": 40,
      "p2_losses": 80,
      "p2_draws": 120,
      "p2_wr": 16.666666666666664,
      "total_games": 480,
      "overall_wr": 20.833333333333336,
      "p1_p2_balance": 8.333333333333336
    },
    "glass_cannon": {
      "p1_wins": 0,
      "p1_losses": 120,
      "p1_draws": 120,
      "p1_wr": 0.0,
      "p2_wins": 60,
      "p2_losses": 120,
      "p2_draws": 60,
      "p2_wr": 25.0,
      "total_games": 480,
      "overall_wr": 12.5,
      "p1_p2_balance": 25.0
    }
  }
}